id,corr
,0.7863414187948651
,0.9402038403533871
,0.8444347766354499
,0.9022413226097243
,0.9783839120941242
,0.9346812168104502
,0.8411344212810284
,0.8656540117401756
,0.8862736156231199
,0.8905296324238394
,0.9389022573622092
,0.8809709203292913
,0.9271903514279571
,0.9091764358751465
,0.9136520478457305
,0.9101486920338274
,0.9044985659754113
,0.8416256474908195
,0.8747523980855504
,0.8855320758218128
,0.8812090691406572
,0.9361984731831531
,0.9282084051294784
,0.9134428299455825
,0.9306164516417592
,0.8447650187400488
