id,corr
,0.910769938096049
,0.9668860110802711
,0.8817259007206214
,0.9020330825615427
,0.935786558303215
,0.9150189524836345
,0.9633287044208975
,0.7652265198938041
,0.750671601901646
,0.7831580811852041
,0.8317872900069121
,0.8724088661582068
,0.9867597753230531
,0.930443274101888
,0.9612575716966916
,0.9511995828040093
,0.8039375594241885
,0.7361049703041546
,0.9167326738464919
,0.8366438041611725
,0.8559542027261704
,0.8474378122884674
,0.9638229074457928
,0.8393200001105522
,0.9047993554149315
,0.8951513576086201
,0.908805214260761
,0.8685928562379054
,0.9253841173036472
,0.9363253056722299
,
,0.8112872701400685
