id,corr
,0.8647360703812317
,0.9812912692589871
,0.9300262952717867
,0.7883769568948967
,0.9485310143609017
,0.9380767700977717
,0.8650334929520209
,0.8974312530885469
,0.9273004310081604
,0.9313159140487232
,0.9157761111388781
,0.9053869905115739
,0.9904112484955097
,0.9822950077072682
,0.9466911764705885
,0.8580077627604994
,0.8953499074621474
,0.6507662065648223
,0.9479206927054898
,0.8426265590608949
,0.8939217641136373
,0.8294343154568767
,0.9699123395671111
,0.9254230455203187
,0.9017595307917888
,0.9298184848091163
