id,corr
,0.8350217685340687
,0.9413568551035236
,0.9080493381596738
,0.8829378446807008
,0.8657267014561123
,0.9740769835035349
,0.9555807563654892
,0.8502340550465621
,0.8364057248251452
,0.8945925579723438
,0.8826606958185008
,0.848323811534375
,0.907628440957957
,0.8768534475115031
,0.9093059921108776
,0.9324587205397171
,0.938496216568288
,0.9421947317415438
,0.9348578558882323
,0.8981634568045685
,0.9474415071341254
,0.9414801437537327
,0.9753058307543749
,0.9087201234019726
,0.9166171915879011
,0.911541721860567
,0.8804823642024515
,0.9477113313638562
,0.9328427196776514
,0.9633740440844633
,
,0.8880188612579544
